"","ERR4873299","ERR4873300","ERR4873301","ERR4873302","ERR4873303","ERR4873310","ERR4873311","ERR4873312","ERR4873313","ERR4873314"
"ENSMUSG00000001036",2191.90694236937,2099.00636271915,2024.7176333936,2091.45623326374,1898.65764086903,1413.83703581707,1705.07779589202,1266.67169072473,1220.37060727953,1149.54717999171
"ENSMUSG00000001761",1312.72884096722,1599.24294302411,1512.25214132236,1423.22625409093,1281.6209232047,2319.88753060125,2009.94610302006,1890.7018235796,2502.22672347175,2026.25002931069
"ENSMUSG00000001773",235.494134304148,100.632634169885,154.458057189695,113.961701874433,109.143097170047,436.845774270944,702.090857132008,276.981795811025,612.520196383286,534.608688526266
"ENSMUSG00000001995",1312.72884096722,1236.82946996635,1295.53192154457,1370.13046117216,1132.49471122979,937.164866170999,1037.74391188536,1014.87005816925,982.989845021716,900.247791559774
"ENSMUSG00000001999",1130.37184465991,1254.50817596917,1095.57459169435,1021.77025885145,944.466009174462,584.950182072204,916.591034134149,590.091651945227,586.836376204572,724.353223055018
"ENSMUSG00000003410",64.0060980416401,57.7957696245959,161.642152872937,101.011508479611,109.143097170047,13.6903234102005,33.763916750337,35.0332706164142,20.2357371105025,38.7799048671902
"ENSMUSG00000004637",536.202028877136,515.40227500522,589.095846025813,489.517310324268,543.554236401321,411.954277161488,317.778040003172,342.669178216801,403.936444628876,379.489069057505
"ENSMUSG00000004698",228.248160940943,168.627657257644,184.391789203202,169.647533472167,145.884337801547,309.899139012721,406.160057379054,251.801632555477,417.945801089993,412.728987515096
"ENSMUSG00000005566",1513.20077068255,2230.9167075094,1192.55988341811,1418.046176733,1559.34147738987,2935.95208406027,3211.54431678206,2514.73195643448,2900.71508503241,2455.59897605458
"ENSMUSG00000009281",2071.1407196493,1670.63771726626,1727.77501181961,1771.58645641164,1339.97465832532,3115.17086324835,5071.53890717562,2559.61833441176,3601.96120566944,2444.51900323539
"ENSMUSG00000010651",1428.6644147785,1633.24045456799,2017.53353771036,2011.16503421584,2510.29123491107,741.766613861773,877.861835508762,925.097302214688,694.241442406469,621.863474477444
"ENSMUSG00000010751",266.289521097767,242.062282192425,271.798286682642,268.069003272814,263.672432767241,182.952503754498,206.555726002062,163.123666307679,167.333979952232,168.969585492758
"ENSMUSG00000015354",951.637835034197,611.275257558961,577.122353220411,971.264504611643,550.037984748056,1229.6399572071,3404.19725353398,1077.27307145474,1992.44180780332,1202.1770508829
"ENSMUSG00000016194",3667.6701840087,2827.23305998905,2969.42621573987,1827.27228800937,2944.70237414234,1026.77425576504,541.215724380402,921.812933094399,533.912140684796,369.794092840707
"ENSMUSG00000016487",2754.67754024493,2361.4671518379,2365.96217834758,2737.67088366535,2449.77625034154,3345.41721151082,3400.22502803394,2880.39171849331,3591.06503953302,3066.38247771283
"ENSMUSG00000018395",950.430172806996,817.300177514873,996.194601409506,1042.49056828316,949.869132796742,693.228194498335,583.917148505828,567.101068103205,736.269511789821,686.958314790227
"ENSMUSG00000019856",79.70570699525,103.352435093395,96.985291723762,85.4712764058246,83.2081037831048,196.642827164698,200.597387752002,146.701820706234,223.3714057967,162.044602480759
"ENSMUSG00000020142",836.909923450125,864.896693676305,866.880879111156,805.502029157923,600.827346797484,287.496791614211,412.118395629114,147.796610412997,333.111364742118,211.904480167147
"ENSMUSG00000020173",254.212898825759,310.057305280185,415.480200347474,348.360202320709,356.606159070449,1173.63408871083,630.590798131294,593.376021065516,962.754107911214,512.448742887871
"ENSMUSG00000020325",41.6643468384261,63.2353714716166,44.30192337999,34.9655221660192,47.5474878760599,109.522587281604,201.590444127012,74.4457000598802,95.7306024843002,116.339714601571
"ENSMUSG00000020577",2102.53993755652,3316.11727599005,1821.16825570175,1867.41788753332,1960.25325016301,1082.78012426131,1576.97352351574,1153.90835092814,1228.93188067244,1144.00719358211
"ENSMUSG00000020642",2479.33055244315,1735.91293943051,2266.58218806273,2670.32987801228,1931.0763826027,1479.79950315713,1320.76497876318,1545.84306594928,1504.44922440774,1702.16082434917
"ENSMUSG00000021061",745.731425296467,604.475755250185,846.525941341972,813.272145194816,449.539885373657,143.126108379369,374.382253378737,168.597614841493,119.079529919495,182.819551516754
"ENSMUSG00000021198",7.84980447680492,10.8792036940416,13.170842085943,5.18007735792876,7.56437307119134,49.782994218911,230.3890790023,5.47394853381472,52.9242355197757,19.3899524335951
"ENSMUSG00000021209",497.556837606712,379.4122288297,530.42573127934,463.616923534624,431.169265057907,102.055138148767,74.4792281257434,99.6258633154279,125.305910568881,132.959673830367
"ENSMUSG00000021213",167.865049580905,138.70984709903,148.471310786994,172.237572151131,164.254958117298,247.670396239082,313.805814503132,179.545511909123,270.847558248264,307.469245732723
"ENSMUSG00000021286",584.508517965166,624.194311945635,616.63487947824,563.333412674753,658.100457193647,802.750781779939,690.174180631889,848.462022741282,800.089913446021,732.663202669416
"ENSMUSG00000021414",96.0091470624602,78.8742267818014,53.8807176243122,84.1762570663424,64.8374834673544,130.680359824641,167.826527376675,141.22787217242,133.867183961786,120.49470440877
"ENSMUSG00000021478",107.481938220867,42.1569143144111,107.761435248624,102.306527819093,106.981847721135,7.46744913283665,5.95833825005947,19.706214721733,9.33957097407806,11.0799728191972
"ENSMUSG00000021696",74.8750580864469,52.3561677775751,213.128171936168,231.808461767312,124.271843312429,9.95659884378219,21.8472402502181,17.5166353082071,15.5659516234634,36.0099116623909
"ENSMUSG00000022099",716.143700730049,794.861819895912,919.564247454928,718.735733412616,1201.65469359497,1675.19775546635,1949.36966414446,1612.62523806182,1095.06469671065,1254.80692177408
"ENSMUSG00000022132",136.465831673686,125.790792712356,136.497817981591,121.731817911326,116.707470241238,293.719665891575,301.889138003013,263.84431932987,305.092651819883,240.989408817539
"ENSMUSG00000022181",474.611255289897,250.901635193834,712.422821921461,634.559476346274,311.219920643301,1441.21768263747,3410.15559178404,917.433774267347,2751.28194944716,1952.84520938351
"ENSMUSG00000022186",5082.44648317439,5190.06011228871,5057.60336100211,4611.56386789608,4568.88133499957,7924.20810479515,9412.18832234395,7691.99247971644,8213.37437412048,10043.9953606023
"ENSMUSG00000022257",2063.29091517249,1820.90671829021,1588.88249527694,1924.39873847054,1750.61205361857,2456.79076470326,2132.09203714628,2447.94978432194,2706.91898732029,3214.57711416959
"ENSMUSG00000022324",1868.25346547957,1750.87184450982,1488.30515571156,2008.57499553688,1839.22328102395,1998.78721788928,3031.80111290526,3022.71438037249,2780.07895995057,3083.00243694162
"ENSMUSG00000022490",2313.88082731665,2347.86814722035,2995.76789991176,2204.12291579869,3279.69603872368,1586.83294072779,1194.64681913692,2033.02448545879,1004.00387971339,1643.99096704839
"ENSMUSG00000022687",1069.38490218627,1166.11464595508,1130.29772083002,1230.26837250808,960.675380041301,1899.22122945145,2089.39061302086,1380.52982022807,1737.93849875969,1743.71072242116
"ENSMUSG00000022849",229.455823168144,197.865517185381,253.838047474538,221.448307051455,183.706203157504,138.147808957478,143.993174376437,151.080979533286,119.079529919495,152.349626263962
"ENSMUSG00000022881",150.353947286494,148.229150331316,142.484564384292,156.697340077345,99.4174746499434,74.6744913283664,76.4653408757632,89.7727559545614,81.7212460231831,90.0247791559774
"ENSMUSG00000023064",6052.80308273019,9759.32566378617,8782.55697276289,4527.38761082974,4899.55250068308,20974.8200392827,27021.0639640197,9340.74577810144,13620.2076705305,13467.7069617342
"ENSMUSG00000023156",1037.98568427905,875.095947139469,985.418457884643,968.674465932679,805.06541971965,523.966014154038,513.410145880125,791.532957989608,565.044043931723,644.023420115838
"ENSMUSG00000023175",6746.00120114343,8264.79505631721,8200.64522242032,7707.955108598,8490.46846005006,9753.73314234013,9737.9108133472,10047.9799286703,9739.61593080107,9744.83609448395
"ENSMUSG00000024053",1536.75018411296,2481.81834270323,2660.51010136048,1792.30676584335,1149.78470682108,4780.41201987093,4725.95528867217,2649.39109036632,4679.12505801311,3294.90691710877
"ENSMUSG00000024302",200.471929715326,172.70735864291,102.972038126463,177.41764950906,325.268042061228,462.981846235872,380.340591628796,673.29566965921,490.327476139098,415.498980719896
"ENSMUSG00000024561",5931.43302889652,4077.66153457296,3564.50880816839,4682.7899315676,2649.69182436588,2280.06113522612,2054.63363989551,2079.00565314283,1428.95435903394,2022.09503950349
"ENSMUSG00000024640",6601.08173387934,4024.6254165645,5383.28236530906,5439.0812258252,4048.02021781182,2665.87934042268,3815.32259278808,2308.91149156305,2794.86661399286,3673.01098956388
"ENSMUSG00000024940",5602.94890309791,8255.9557033158,5440.75513077499,5835.35714370675,5356.65675912793,9960.33256834861,15246.3945255272,8848.09041005811,12894.8343248771,7906.94560309961
"ENSMUSG00000024968",91.1784981536571,168.627657257644,190.378535605903,112.666682534951,229.092441584652,317.366588145557,470.708721754698,321.868173788306,386.813897843067,450.123895779887
"ENSMUSG00000025105",260.251209961763,524.921578237506,355.612736320461,290.084332044011,238.818064104755,969.523812413291,669.319996756681,437.915882705178,987.659630508755,596.93353563425
"ENSMUSG00000025133",2520.39106816798,1754.95154589508,2363.5674797865,1842.81252008316,2223.92568293025,1081.53554940584,1224.43851038722,1106.83239353734,1047.58854425909,1221.56700331649
"ENSMUSG00000025277",1312.12500985362,996.807038466559,1350.60998844943,1216.02315977378,1194.09032052378,561.303259818221,429.000354004282,791.532957989608,466.20025112273,583.083569610253
"ENSMUSG00000025347",215.567707555335,138.70984709903,225.101664741571,151.517262719416,127.513717485797,535.167187853293,477.660116379768,248.517263435188,409.384527697088,490.288797249477
"ENSMUSG00000025579",4205.07987511304,4225.2107346734,4907.93470093457,4750.13093722068,4231.72642096933,6275.14642129373,5918.61599505908,5152.08036002641,5947.75011532538,5559.3763620322
"ENSMUSG00000025608",3550.52694797023,3581.97781626319,3693.82253046674,3587.20357036567,2958.75049556027,5499.77628633419,5202.62234867693,4518.19711981067,4693.9127120554,4179.91974604215
"ENSMUSG00000026090",156.996089536098,339.975115438799,221.50961689995,234.398500446277,193.431825677607,518.987714732147,404.173944629034,320.773384081543,512.89810599312,365.639103033508
"ENSMUSG00000026335",2899.59700750902,3010.13967209513,2649.73395783562,2842.56745016341,3003.05610926296,4520.29587507712,6385.35249131374,3555.87696756604,5289.31036165288,4598.18871996684
"ENSMUSG00000026527",714.936038502848,625.55421240739,909.985453210606,809.387087176369,716.454192314266,285.007641903265,298.909968877984,558.342750449101,400.823254304184,513.833739490271
"ENSMUSG00000026604",3918.26009615286,3849.87820722896,4281.72102721201,4268.3837429333,4136.63144521721,3228.42717509638,3298.93327778293,3399.32203949894,3540.47569675676,3379.39170985515
"ENSMUSG00000027016",36.8336979296231,33.3175613130023,41.9072248189095,31.0804641475726,41.0637395293244,114.500886703495,67.527833500674,88.6779662477985,70.8250798867587,85.8697893487784
"ENSMUSG00000027070",294.669583436985,261.100888656998,341.244544953977,292.674370722975,252.866185522682,1005.616483222,674.28527863173,511.266793058295,930.065609501941,540.148674935864
"ENSMUSG00000027513",37503.3466346059,37737.9177639376,19813.7358943804,33553.9510859836,14490.0969302292,67584.1483767381,58269.5689164566,47843.4049752474,74528.9980755618,47143.8993490817
"ENSMUSG00000027546",3395.94618288853,4406.75744631771,5884.97171385543,4510.55235941647,5311.27052070078,7325.56759931275,8337.70132458322,6642.08915093078,6789.86809815475,8035.75028712278
"ENSMUSG00000027574",234.286472076947,321.616459205104,350.823339198299,314.689699494172,289.607426154183,999.393608944638,482.625398254817,478.423101855407,853.014148965796,437.65892635829
"ENSMUSG00000027661",249.986081030557,321.616459205104,323.284305745873,195.547920261811,382.541152457391,130.680359824641,199.604331376992,110.573760383057,181.343336413349,145.424643251963
"ENSMUSG00000027680",1783.11327846192,1610.80209694903,1974.42896361091,2072.03094317151,1830.57828322831,1264.48805316034,1142.0148312614,1561.17012184396,1197.02167984434,1443.16645970044
"ENSMUSG00000027761",18.7187645216117,14.2789548484296,23.9469856108054,23.3103481106794,61.5956092939867,1.24457485547277,0,4.37915882705178,7.78297581173172,2.7699932047993
"ENSMUSG00000027820",2707.5787133841,1878.02253768393,2140.86051360601,2636.65937518574,1762.49892558758,836.354302877704,1411.13310888909,1653.13245721205,1323.10588799439,1401.61656162845
"ENSMUSG00000027840",504.198979856316,854.017489982263,907.590754649526,938.889021124588,720.776691212089,2881.19079041947,1038.73696826037,1702.39799401638,2308.43062575963,1898.83034188992
"ENSMUSG00000028036",208.321734192131,135.310095944642,116.142880212406,172.237572151131,98.3368499254875,216.556024852263,198.611275001982,357.996234111483,545.586604402394,451.508892382286
"ENSMUSG00000028673",1859.19599877557,2254.71496559012,2207.91207331626,2020.23016959222,2228.24818182808,2963.33273088068,2902.70378415397,2382.26240191617,2847.01255193146,2661.96346981213
"ENSMUSG00000028871",788.603434362094,1388.45837145206,1088.39049601111,1166.81242487345,772.646677985973,2633.52039418039,1915.60574739412,1441.8380438068,2540.36330494923,1614.90603839799
"ENSMUSG00000028933",355.656525910623,265.180590042263,269.403588121561,265.478964593849,205.318697646622,130.680359824641,205.562669627052,137.943503052131,147.09824284173,127.419687420768
"ENSMUSG00000028964",4947.7921448415,5711.58193937183,7470.26216129075,5296.62909848216,6444.84585665502,3868.13865080938,3353.55137840847,3650.02888234765,3344.34470630112,4420.90915485969
"ENSMUSG00000029752",3486.52084992859,2679.68385988861,3008.9387419977,2939.69390062457,2155.84632528953,1556.96314419644,1062.57032126061,1394.76208641599,1538.69431797936,1826.81051856514
"ENSMUSG00000029822",381.017432681839,415.449591066213,373.572975528565,378.1456471288,1404.81214179268,174.240479766188,195.632105876953,253.991211969003,207.805454173237,174.509571902356
"ENSMUSG00000029869",274.139325574572,393.691183678129,468.163568691246,415.701207973783,475.474878760599,720.608841318736,672.299165881711,457.622097426911,947.18815628775,867.007873102182
"ENSMUSG00000030162",469.176775267494,185.626413029584,300.534669415608,505.057542398054,184.78682788196,16.1794731211461,7.9444510000793,1.09478970676294,19.4574395293293,15.2349626263962
"ENSMUSG00000030214",2399.6248454479,2475.01884039446,2739.53515387614,2637.95439452522,2125.58883300477,1559.45229390739,1788.49453139285,2101.99623698485,1685.79256082109,1947.30522297391
"ENSMUSG00000030323",413.624312816259,414.769640835335,356.810085601001,467.501981553071,387.94427607967,735.54373958441,566.04213375565,469.664784201303,807.094591676579,688.343311392627
"ENSMUSG00000030401",641.268642643602,395.731034370762,535.215128401501,521.892793811323,381.460527732935,1046.6874534526,1367.43862838865,467.475204787777,1114.52213623998,970.882618282156
"ENSMUSG00000030483",32.6068801344204,41.4769640835335,77.8277032351176,72.5210830110027,61.5956092939867,0,5.95833825005947,24.0853735487848,2.33489274351952,6.92498301199826
"ENSMUSG00000030708",63.4022669280397,48.9564166231871,63.4595118686344,77.7011603689315,64.8374834673544,131.924934680114,288.979405127884,113.858129503346,124.527612987708,177.279565107155
"ENSMUSG00000030826",8448.8049414965,6010.08009072709,11001.245189604,9967.76385599442,7279.08814393498,6308.74994239149,2987.11357602982,4264.20590784167,3372.36341922335,5123.10243227631
"ENSMUSG00000031137",199.264267488125,97.2328830154966,246.653951791296,64.7509669741095,193.431825677607,757.946086982919,1216.49405938714,660.158193178055,832.778411855294,1581.6661199404
"ENSMUSG00000031144",205.302578624129,174.747209335543,292.153224451826,190.367842903882,166.41620756621,380.839905774669,873.889610008723,284.645323758365,396.153468817145,368.409096238307
"ENSMUSG00000031344",63.4022669280397,52.3561677775751,26.341684171886,66.0459863135917,45.3862384271481,145.615258090315,100.298693876001,105.099811849243,136.202076705305,95.564765565576
"ENSMUSG00000031375",30001.3488792348,23558.915599447,24218.7838974881,20228.2020827118,19795.9643273077,9802.27156170357,12141.1072408712,6379.33962130767,12790.5424489999,8080.07017839957
"ENSMUSG00000031546",485.480215334704,533.080981008037,550.780669048525,505.057542398054,538.151112779041,797.772482358048,767.632577882662,686.433146140366,636.647421399655,732.663202669416
"ENSMUSG00000031725",6345.05734171278,5551.79363511559,11373.620815852,9640.12396310543,7692.9674134016,4874.99970888686,1374.39002301372,2973.44884356816,2230.60086764231,4203.46468828294
"ENSMUSG00000031750",356.864188137824,323.656309897737,409.493453944773,376.850627789318,198.834949299887,924.719117616271,551.146288130501,378.797238539979,737.047809370994,801.913032789398
"ENSMUSG00000032192",534.390535536335,576.597795784203,695.659931993898,593.118857482844,631.084839082249,1168.65578928894,1136.05649301134,1050.99811849243,1107.51745800942,1114.92226493172
"ENSMUSG00000032340",1618.87121556261,1890.9415920706,1611.63213160721,1702.95043141908,1819.77203598375,2833.89694591151,1854.03625214351,2385.54677103645,2985.54952138029,2574.70868386095
"ENSMUSG00000032425",1007.19029748543,696.269036418661,700.449329116059,954.429253198375,615.956092939866,276.295617914956,208.541838752082,264.939109036632,320.658603443347,235.449422407941
"ENSMUSG00000032712",3884.44555379123,3392.95165207922,1982.81040857469,3254.38360011875,1092.51159642492,984.458710678964,1106.26480176104,915.244194853821,1079.49874508719,1170.32212902771
"ENSMUSG00000032839",88.7631736992556,82.953928167067,65.8542104297149,115.256721213915,47.5474878760599,131.924934680114,146.972343501467,178.45072220236,145.541647679383,141.269653444764
"ENSMUSG00000033488",327.276463571405,308.69740481843,361.599482723162,370.375531091907,350.122410723714,421.91087600527,619.667178006185,426.967985637548,488.770880976752,630.173454091842
"ENSMUSG00000033701",3006.47511461628,3215.48464182016,2015.13883914928,2249.44859268057,1697.66144212023,1128.82939391381,950.354950884486,1093.69491705618,996.22090390166,919.637743993369
"ENSMUSG00000033966",13.8881156128087,17.6787060028176,9.57879424432217,1.29501933948219,14.0481214179268,79.6527907502575,398.215606378975,35.0332706164142,130.753993637093,41.5498980719896
"ENSMUSG00000034818",175.71485405771,130.550444328499,237.075157546974,205.908074977668,144.803713077091,14.9348982656733,43.6944805004361,16.4218456014442,27.240415341061,30.4699252527923
"ENSMUSG00000034918",59.7792802464375,47.5965161614319,325.679004306954,181.302707527507,186.948077330872,7.46744913283665,14.8958456251487,4.37915882705178,1.55659516234634,12.4649694215969
"ENSMUSG00000035863",3293.89872469006,3467.74617747575,3999.14659700451,3299.70927700062,2766.39929460712,6944.72769353808,5996.07439230985,4104.36661065428,5736.83147082745,4474.92402235327
"ENSMUSG00000035916",71.855902518445,27.1980092351039,35.9204784162081,58.2758702766986,52.9506114983394,159.305581500515,78.4514536257831,108.384180969531,168.890575114578,94.1797689631763
"ENSMUSG00000036103",1108.03009345669,1359.9004617552,1078.81170176678,1367.54042249319,839.645410902239,2642.2324181687,1624.64022951622,1820.63528234678,2642.32028808292,2463.90895566898
"ENSMUSG00000036106",261.458872188964,326.376110821247,360.402133442622,330.229931567959,300.413673398742,953.344339292145,1171.8065225117,512.361582765058,698.911227893508,814.378002210995
"ENSMUSG00000036136",208.321734192131,393.691183678129,283.771779488044,242.16861648317,366.331781590552,565.036984384639,345.583618503449,652.494665230715,610.96360122094,908.557771174172
"ENSMUSG00000036333",3782.39809559277,3549.34020518106,4239.8138023931,4401.77073489997,4979.51873029282,2932.21835949386,3339.64858915833,2715.0784727721,2988.66271170498,3253.35701903678
"ENSMUSG00000036596",423.285610633865,593.596551556143,398.71731041991,533.547967866663,305.816797021021,1035.48627975335,540.222668005392,737.888262358224,1196.24338226317,939.027696426964
"ENSMUSG00000036918",1435.3065570281,1812.0673652888,2187.55713554708,1687.41019934529,1828.41703377939,1316.7601970902,1296.93162576295,1260.10295248415,997.777499064007,1250.65193196689
"ENSMUSG00000037005",336.937761389011,262.460789118753,270.600937402101,409.226111276372,130.755591659165,517.743139876674,886.799342883852,634.978029922508,910.608169972611,520.758722502269
"ENSMUSG00000037086",34.4183734752216,14.9589050793072,28.7363827329665,19.4252900922329,32.4187417336772,318.61116300103,567.03519013066,182.829881029412,373.582838963123,409.958994310297
"ENSMUSG00000037108",114.124080470472,108.792036940416,171.220947117259,135.97703064563,143.723088352636,85.8756650276214,56.604213375565,74.4457000598802,91.8391145784343,78.9448063367801
"ENSMUSG00000037624",951.034003920596,529.681229853649,1117.12687874407,874.138054150479,949.869132796742,435.601199415471,358.493351378578,538.636535727368,396.153468817145,588.623556019852
"ENSMUSG00000038600",137.069662787286,164.547955872379,147.273961506453,148.927224040452,114.546220792326,314.877438434612,252.236319252518,200.346516337619,368.13475589491,297.774269515925
"ENSMUSG00000038608",2004.71929715326,1157.95524318455,1806.80006433527,2127.71677476924,1657.67832731536,1097.71502252699,1113.21619638611,713.802888809439,1085.72512573657,1098.30230570292
"ENSMUSG00000038932",313.388347958596,274.019943043672,483.72910933827,315.984718833655,291.768675603095,6.22287427736387,2.97916912502974,4.37915882705178,3.11319032469269,1.38499660239965
"ENSMUSG00000039456",1280.7257919464,895.494454065797,945.905931626814,1146.09211544174,591.101724277381,485.384193634382,527.312935130263,513.456372471821,576.71850764932,623.248471079843
"ENSMUSG00000039646",686.55597616363,786.702417125381,787.855826595499,717.440714073134,635.407337980073,1578.12091673948,1355.52195188853,771.826743267875,1253.05910568881,1048.44242801654
"ENSMUSG00000039753",5017.23272290554,2475.01884039446,2962.24212005663,3566.48326093395,1953.76950181628,1716.26872569696,1313.81358413811,1565.54928067101,1694.353834214,1872.51540644433
"ENSMUSG00000039826",1540.97700190817,1399.3375751461,1515.84418916398,1304.08447485857,1358.34527864107,775.370134959538,493.549018379926,864.883868342726,807.872889257753,1004.12253673975
"ENSMUSG00000041301",19.9264267488125,15.6388553101848,7.18409568324163,14.2452127343041,8.64499779564725,42.3155450860743,57.5972697505749,28.4645323758365,46.6978548703903,30.4699252527923
"ENSMUSG00000041559",574.84722014756,924.732313993534,932.735089540871,805.502029157923,825.597289484312,2540.17728001993,1456.81370213954,1333.45386283727,1926.2865134036,1804.65057292675
"ENSMUSG00000041737",904.539008173367,2040.53064286367,741.159204654428,810.682106515852,2960.91174500918,3476.09757133546,5189.7126158018,8023.71376086562,3502.33911527927,4022.03013336859
"ENSMUSG00000041930",50.1179824288314,51.6762175466975,57.472765465933,56.9808509372164,49.7087373249717,220.289749418681,363.458633253628,98.531073608665,251.390118718935,99.7197553727749
"ENSMUSG00000041957",890.650892560558,803.021222666444,978.234362201402,942.774079143035,689.438574202868,1644.08338407953,2918.59268615413,1056.47206702624,1656.21725273651,1908.52531810672
"ENSMUSG00000042272",700.444091776439,642.55296817933,597.477290989595,622.904302290934,539.231737503497,812.707380623722,933.472992509317,763.068425613772,821.88224571887,822.687981825393
"ENSMUSG00000042429",4723.77080169576,4295.92555868467,4104.51333369205,4092.26111276372,3548.7715951132,3314.302840124,2903.69684052898,3150.80477606375,1991.66351022215,2210.45457742984
"ENSMUSG00000042770",1886.36839888758,1737.27283989226,2588.66914452807,1863.53282951487,2200.15193899223,3090.2793661389,3408.16947903402,2443.57062549489,2788.64023334348,3113.47236219442
"ENSMUSG00000042985",3557.77292133343,5341.00906354353,5404.83465235879,4045.64041654236,5499.29922275611,14602.5967792621,5754.76169318244,7242.03391023687,12685.4722755415,7681.19115690847
"ENSMUSG00000043300",576.054882374761,586.11709901649,598.674640270136,586.643760785433,440.89488757801,440.579498837362,381.333648003806,388.650345900845,399.266659141837,429.348946743892
"ENSMUSG00000044177",74.8750580864469,78.1942765509238,55.0780669048525,101.011508479611,60.5149845695307,161.794731211461,121.152877751209,135.753923638605,154.881218653461,114.954717999171
"ENSMUSG00000044320",149.146285059293,129.870494097621,135.300468701051,119.141779232362,70.2406070896339,11.201173699255,11.9166765001189,16.4218456014442,7.78297581173172,12.4649694215969
"ENSMUSG00000045094",905.746670400568,649.352470488106,669.318247822012,709.670598036241,886.112274053843,280.029342481374,393.250324503925,135.753923638605,362.686672826698,292.234283106327
"ENSMUSG00000045211",1335.67442328404,1357.18066083169,1697.8412798061,1383.08065456698,1477.21399833122,2542.66642973088,2044.70307614541,2068.0577560752,1994.77670054684,2240.92450268264
"ENSMUSG00000046056",339.353085843413,452.84685376448,471.755616532867,493.402368342715,341.477412928066,2312.42008146841,946.382725384446,1117.78029060497,1724.70743987975,1131.54222416052
"ENSMUSG00000046215",88.7631736992556,55.7559189319631,57.472765465933,66.0459863135917,37.8218653559567,331.056911555758,107.250088501071,131.374764811553,141.650159773517,163.429599083159
"ENSMUSG00000046694",82.1210314496515,144.149448946051,82.6171003572787,78.9961797084136,106.981847721135,262.605294504755,193.645993126933,186.1142501497,171.225467858098,134.344670432766
"ENSMUSG00000046733",85.1401870176534,93.153181630231,120.932277334567,99.7164891401287,97.2562252010316,230.246348262463,167.826527376675,133.564344225079,232.710976770778,144.039646649564
"ENSMUSG00000046844",37.4375290432235,70.0348737803926,71.8409568324163,51.8007735792876,55.1118609472512,206.59942600848,91.3611865009119,210.199623698485,158.772706559327,109.414731589572
"ENSMUSG00000047094",162.430569558502,76.154425858291,228.693712583192,155.402320737863,146.964962526003,43.5601199415471,16.8819583751685,71.1613309395914,59.1506161691611,51.2448742887871
"ENSMUSG00000047746",133.446676105684,90.4333807067206,142.484564384292,103.601547158575,75.6437307119134,1.24457485547277,2.97916912502974,6.56873824057766,3.89148790586586,5.53998640959861
"ENSMUSG00000048416",175.71485405771,239.342481268915,232.285760424813,238.283558464723,77.8049801608253,13.6903234102005,11.9166765001189,16.4218456014442,13.2310588799439,16.6199592287958
"ENSMUSG00000048442",78.4980447680492,56.4358691628407,52.6833683437719,58.2758702766986,49.7087373249717,454.269822247563,122.145934126219,108.384180969531,230.376084027259,110.799728191972
"ENSMUSG00000049086",517.483264355524,513.362424312587,495.702602143672,416.996227313265,451.701134822569,226.512623696045,209.534895127091,325.152542908594,200.022478361505,220.214459781545
"ENSMUSG00000049152",9.05746670400568,3.39975115438799,10.7761435248624,2.59003867896438,14.0481214179268,64.7178924845843,140.020948876398,62.4030132854878,95.7306024843002,121.879701011169
"ENSMUSG00000049281",60.3831113600379,110.151937402171,85.0117989183593,170.942552811649,62.6762340184426,236.469222539827,154.916794501546,206.915254578196,274.73904615413,211.904480167147
"ENSMUSG00000049588",280.781467824176,282.859296045081,249.048650352376,225.333365069901,315.542419541125,436.845774270944,425.028128504242,548.489643088235,628.08614800675,347.634147202313
"ENSMUSG00000050064",174.507191830509,123.070991788845,153.260707909155,145.042166022005,200.996198748799,326.078612133867,362.465576878618,471.854363614829,351.012209109101,387.799048671902
"ENSMUSG00000050931",141.900311696089,211.464521802933,150.866009348074,156.697340077345,110.223721894502,301.187115024411,668.326940381671,398.503453261712,408.606230115915,401.649014695899
"ENSMUSG00000051166",699.840260662839,505.203021542056,508.873444229615,483.042213626857,454.943008995937,308.654564157248,194.639049501943,349.237916457379,292.639890521113,275.614323877531
"ENSMUSG00000051225",112.31258712967,180.866761413441,116.142880212406,203.318036298704,161.01308394393,501.563666755528,1040.72308101039,387.555556194082,373.582838963123,480.593821032679
"ENSMUSG00000051721",281.989130051377,276.059793736305,244.259253230215,288.789312704529,253.946810247138,170.50675519977,179.743203876794,208.010044284959,189.126312225081,206.364493757548
"ENSMUSG00000052430",18.7187645216117,9.51930323228638,8.3814449637819,5.18007735792876,17.2899955912945,26.1360719649283,52.6319878755253,29.5593220825995,35.0233911527927,37.3949082647906
"ENSMUSG00000053398",1541.58083302177,1440.13458899875,2059.44076252927,1412.86609937507,1415.61838903724,3571.92983520686,3906.68377928899,1980.47457953417,2407.27441856862,2767.2232115945
"ENSMUSG00000053846",163.034400672102,489.564166231871,162.839502153477,253.823790538509,497.087373249717,21.1577725430372,45.680593250456,156.554928067101,45.9195572892171,77.5598097343805
"ENSMUSG00000054204",8.4536355904053,6.79950230877598,9.57879424432217,12.9501933948219,8.64499779564725,53.5167187853293,25.8194657502577,27.3697426690736,35.0233911527927,58.1698573007854
"ENSMUSG00000054793",103.255120425665,211.464521802933,178.4050428005,168.352514132685,173.980580637401,341.01351039954,266.139108502656,280.266164931314,313.653925212788,261.764357853534
"ENSMUSG00000055013",1223.36183615437,1845.3849266018,1490.69985427264,1458.19177625695,1488.02024557578,2477.94853724629,2273.10604239769,1887.41745445932,2256.28468782103,2004.0900836723
"ENSMUSG00000055027",96.6129781760606,59.1556700863511,120.932277334567,95.8314311216821,62.6762340184426,175.485054621661,181.729316626814,166.408035427967,353.34710185262,634.328443899041
"ENSMUSG00000055653",1392.43454796247,1529.8880194746,1535.00177765263,1700.36039274012,1510.71336478936,3290.65591787001,1869.92515414366,2352.70307983357,3268.07154334615,2713.20834410092
"ENSMUSG00000056216",3374.20826279891,2173.80088811568,2714.3908189848,3224.59815531066,2374.13251962963,1632.88221038028,1540.23043764037,1969.52668246654,1569.04792364511,1818.50053895074
"ENSMUSG00000056602",5424.2148934722,3471.14592863014,5331.79634624583,4735.88572448637,4249.01641656062,8377.23335218724,6663.40827631651,6273.14501975167,6767.29746830073,6675.68362356632
"ENSMUSG00000057246",89.9708359264564,63.9153217024942,82.6171003572787,86.7662957453068,65.9181081918103,43.5601199415471,34.7569731253469,22.9905838420218,40.4714742210049,34.6249150599913
"ENSMUSG00000057715",195.037449692922,163.868005641501,244.259253230215,191.662862243364,212.883070717814,38.581820519656,19.8611275001982,76.6352794734061,35.0233911527927,84.4847927463788
"ENSMUSG00000057751",294.065752323384,692.869285264273,477.742362935568,450.666730139802,422.524267262259,1289.37955026979,842.111806008406,801.386065350475,1110.63064833412,984.732584306152
"ENSMUSG00000057880",391.282561613045,563.678741397529,322.086956465333,383.325724486729,263.672432767241,1202.2593103867,2793.46758290288,546.300063674709,1273.29484279931,829.612964837391
"ENSMUSG00000058207",156.392258422498,59.1556700863511,153.260707909155,293.969390062457,128.594342210253,16.1794731211461,18.8680711251883,31.7489014961254,79.3863532796636,38.7799048671902
"ENSMUSG00000060402",7.84980447680492,18.3586562336952,16.7628899275638,14.2452127343041,14.0481214179268,68.4516170510026,95.3334120009516,40.5072191502289,37.3582838963123,30.4699252527923
"ENSMUSG00000061451",316.407503526598,581.357447400346,540.004525523662,372.965569770871,411.7180200177,1590.56666529421,639.528305506384,647.0207166969,1234.37996374065,699.423284211824
"ENSMUSG00000062609",154.580765081697,114.231638787437,104.169387407004,111.371663195468,356.606159070449,634.733176291115,597.819937755967,1467.01820706234,585.279781042225,756.20814491021
"ENSMUSG00000062785",73.0635647456458,137.349946637275,89.8011960405204,85.4712764058246,35.6606159070449,276.295617914956,357.500295003568,170.787194255019,196.130990455639,180.049558311955
"ENSMUSG00000063171",563.374428989153,696.269036418661,798.631970120361,533.547967866663,792.097923026179,438.090349126416,494.542074754936,391.934715021134,390.705385748932,369.794092840707
"ENSMUSG00000066057",125.596871628879,88.3935300140878,102.972038126463,107.486605177022,88.6112274053843,33.6035210977649,51.6389315005154,41.6020088569919,51.3676403574294,55.3998640959861
"ENSMUSG00000067158",137.673493900886,155.70860287097,143.681913664833,146.337185361488,135.078090556988,278.784767625901,194.639049501943,224.431889886403,301.201163914018,222.984452986344
"ENSMUSG00000069755",379.205939341038,182.226661875196,141.287215103752,315.984718833655,68.0793576407221,37.3372456641832,24.8264093752478,38.317639736703,48.2544500327367,66.4798369151833
"ENSMUSG00000070407",495.14151315231,367.173124673903,514.860190632317,666.934959833328,322.02616788786,217.800599707735,112.21537037612,206.915254578196,156.437813815808,247.914391829538
"ENSMUSG00000070465",37.4375290432235,34.6774617747575,124.524325176188,103.601547158575,140.481214179268,1.24457485547277,20.8541838752082,5.47394853381472,7.00467823055855,31.854921855192
"ENSMUSG00000073179",81.5172003360511,72.754674703903,41.9072248189095,76.4061410294493,21.6124944891181,24.8914971094555,14.8958456251487,7.66352794734061,19.4574395293293,9.69497621679756
"ENSMUSG00000073209",13.2842844992083,2.0398506926328,1.19734928054027,2.59003867896438,1.08062472445591,190.419952887334,608.743557881076,78.824858886932,410.162825278262,130.189680625567
"ENSMUSG00000073409",909.36965708217,1452.37369315455,1253.62469672566,1149.97717346019,892.596022400579,766.658110971229,794.44510000793,574.764596050546,752.613760994457,731.278206067016
"ENSMUSG00000073591",280.177636710576,272.660042581917,335.257798551276,313.39468015469,255.027434971594,135.658659246532,79.444510000793,95.2467044883761,130.753993637093,116.339714601571
"ENSMUSG00000074863",248.174587689756,137.349946637275,134.10311942051,164.467456114238,130.755591659165,52.2721439298565,55.6111570005551,74.4457000598802,107.405066201898,83.0997961439791
"ENSMUSG00000079445",70.0444091776439,86.353679321455,79.0250525156579,63.4559476346274,63.7568587428985,184.197078609971,161.868189126616,106.194601556006,202.357371105025,99.7197553727749
"ENSMUSG00000084950",103.255120425665,95.8729825537414,93.3932438821412,81.586218387378,83.2081037831048,65.962467340057,48.6597623754857,40.5072191502289,42.0280693833513,33.2399184575916
"ENSMUSG00000085682",93.5938226080587,54.3960184702079,82.6171003572787,89.3563344242712,50.7893620494276,9.95659884378219,18.8680711251883,9.8531073608665,18.6791419481561,15.2349626263962
"ENSMUSG00000085795",2763.73500694893,2514.45595378536,3766.86083657969,3179.27247842878,4244.6939176628,1762.31799534945,1871.91126689368,2129.36597965393,1939.51757228354,2426.51404740419
"ENSMUSG00000086474",99.0283026304621,131.230394559376,305.324066537769,176.122630169578,271.236805838432,2.48914971094555,2.97916912502974,1.09478970676294,0.778297581173172,0
"ENSMUSG00000087382",3208.15470655881,1998.37372854926,2089.37449454277,2704.00038083881,1981.86574465213,830.13142860034,1367.43862838865,1216.31136421363,1007.89536761926,1087.22233288373
"ENSMUSG00000090122",16.9072711808106,13.599004617552,7.18409568324163,7.77011603689315,6.48374834673544,38.581820519656,148.958456251487,16.4218456014442,77.051460536144,23.5449422407941
"ENSMUSG00000091586",832.683105654922,919.292712146513,785.461128034418,1077.45609044918,586.779225379557,419.421726294325,470.708721754698,444.484620945755,544.030009240047,508.293753080672
"ENSMUSG00000097121",263.874196643365,164.547955872379,232.285760424813,270.659041951778,168.577457015121,116.990036414441,119.166765001189,109.478970676294,103.513578296032,126.034690818368
"ENSMUSG00000097254",72.4597336320454,48.2764663923095,70.643607551876,59.5708896161808,83.2081037831048,13.6903234102005,44.687536875446,18.61142501497,17.900844366983,18.0049558311955
"ENSMUSG00000102752",153.373102854496,182.906612106074,152.063358628614,167.057494793203,173.980580637401,286.252216758738,708.049195382067,249.612053141951,422.615586577032,225.754446191143
"ENSMUSG00000103332",118.350898265674,110.151937402171,118.537578773487,123.026837250808,106.981847721135,21.1577725430372,35.7500295003568,33.9384809096513,24.9055225975415,23.5449422407941
"ENSMUSG00000103472",155.184596195297,162.508105179746,162.839502153477,124.32185659029,175.061205361857,57.2504433517476,59.5833825005947,67.8769618193025,69.2684847244123,56.7848606983857
"ENSMUSG00000103793",219.794525350538,178.826910720808,204.746726972386,178.712668848542,196.673699850975,99.5659884378219,126.118159626259,84.2988074207467,133.088886380612,126.034690818368
"ENSMUSG00000104346",91.7823292672575,108.792036940416,130.51107157889,81.586218387378,78.8856048852812,51.0275690743837,39.7222550003965,42.6967985637548,57.5940210068147,40.1649014695899
"ENSMUSG00000108207",156.996089536098,176.107109797298,126.919023737269,117.846759892879,131.836216383621,93.3431141604581,62.5625516256245,93.0571250748502,53.7025331009489,55.3998640959861
"ENSMUSG00000109771",189.602969670519,88.3935300140878,106.564085968084,155.402320737863,63.7568587428985,21.1577725430372,54.6181006255452,13.1374764811553,19.4574395293293,22.1599456383944
"ENSMUSG00000110755",96.0091470624602,49.6363668540647,85.0117989183593,76.4061410294493,149.126211974915,21.1577725430372,25.8194657502577,29.5593220825995,6.22638064938538,36.0099116623909
"ENSMUSG00000111468",14.4919467264091,18.3586562336952,4.78939712216108,2.59003867896438,27.0156181113977,47.2938445079654,70.5070026257038,70.0665412328284,64.5986992373733,31.854921855192
