"","baseMean","log2FoldChange","lfcSE","stat","pvalue","padj","ENTREZID_id"
"ENSMUSG00000000263",37.9605783667431,1.29735879461378,0.27050061057527,4.79613998598637,1.61752263135796e-06,5.93549286000161e-05,"14654"
"ENSMUSG00000000320",157.850062421852,1.68382113355962,0.437141148760337,3.85189346355215,0.000117208016804384,0.00213603128436695,"11684"
"ENSMUSG00000000365",35.334300270067,0.795899309467386,0.229985682155915,3.46064721075906,0.000538878508287905,0.00677638622763917,"30054"
"ENSMUSG00000000385",385.069998678117,3.48115264910474,1.03928842831215,3.34955393928352,0.000809417941502185,0.00906679174311031,"50528"
"ENSMUSG00000000567",288.946965383487,1.66782223330376,0.348946665044566,4.77959069501568,1.75652422160917e-06,6.37788873536517e-05,"20682"
"ENSMUSG00000001036",1996.24471479464,0.523720174943467,0.0651737815232865,8.0357493872953,9.30086767258608e-16,2.52290594867756e-13,"13855"
"ENSMUSG00000001270",1922.18895760981,0.860967768160698,0.210528065573762,4.08956290846193,4.32186843289921e-05,0.000983367235209337,"12709"
"ENSMUSG00000001999",924.714707748862,0.631236756591749,0.0839762428619985,7.51684923114606,5.61120616006057e-14,1.158588448034e-11,"109778"
"ENSMUSG00000003279",41.3746581745851,1.76486121700697,0.480241401168031,3.67494600156197,0.00023789972474941,0.00368132527089859,"224997"
"ENSMUSG00000003410",66.1656772732204,1.55129234905022,0.209902295093029,7.39054495979992,1.4622824401813e-13,2.84918525034763e-11,"15571"
"ENSMUSG00000004637",421.99289120354,0.588328863157115,0.0738231318855876,7.96943787306284,1.59397736898085e-15,4.16058168348699e-13,"80707"
"ENSMUSG00000006219",600.746811229596,0.532948105207161,0.117133365605359,4.54992565485352,5.36648728447796e-06,0.000168344637400155,"74202"
"ENSMUSG00000008136",96.2362750950877,0.722994611857829,0.203699488462011,3.54931972248258,0.000386227823953637,0.00533241089478504,"14200"
"ENSMUSG00000010492",32.6965092033683,1.84343431135056,0.529216223003628,3.48332917855,0.000495219042849287,0.00632581739499265,"100271841"
"ENSMUSG00000010651",1130.49196047329,0.88590203151408,0.134788745053371,6.57252229155558,4.94699783231273e-11,6.16547459569498e-09,"235674"
"ENSMUSG00000013418",46.1395184385434,2.60776652702468,0.741295009609106,3.51785253269112,0.000435054055522717,0.00580939942480817,"14422"
"ENSMUSG00000014602",90.938997392034,1.42000336697788,0.38632973849021,3.67562531563658,0.000237267537642259,0.00367565410497537,"16560"
"ENSMUSG00000014905",689.632190164592,0.593584359564603,0.132557932826146,4.47792408126271,7.53723945596046e-06,0.000225205552124745,"27362"
"ENSMUSG00000015090",160.654693372429,2.89590707543002,0.724471416469336,3.99726891854897,6.40774926786268e-05,0.00134718546157466,"19215"
"ENSMUSG00000015476",161.12642558217,0.748570472579768,0.176333745495978,4.24519124501239,2.18407059982563e-05,0.000546373104484408,"260297"
"ENSMUSG00000015647",2652.42712046259,0.571175574474502,0.161003027954347,3.54760765515828,0.000388746843277281,0.00534776165719342,"16776"
"ENSMUSG00000015882",205.496317143603,0.664840371289021,0.160905795539784,4.13186093800231,3.59838104929219e-05,0.000839460428936056,"209707"
"ENSMUSG00000015981",65.927048999982,1.22168681170389,0.345862077337929,3.53229478382572,0.000411969839513583,0.00558744192140285,"57740"
"ENSMUSG00000016194",3507.93543685664,1.76606515687235,0.16892333124985,10.4548326380102,1.39244395804972e-25,1.01384577450841e-22,"15483"
"ENSMUSG00000017390",57.7252733502427,1.73628887153144,0.505506144520021,3.43475324751996,0.000593093608337542,0.00726281457148958,"11676"
"ENSMUSG00000018126",64.5803224720486,1.29980335143617,0.378150655731449,3.43726324874933,0.000587624182390102,0.00723237805977284,"207495"
"ENSMUSG00000018387",68.4166910471966,1.47508413134492,0.435166096814841,3.38970370656553,0.000699682028873213,0.00817516992181759,"71774"
"ENSMUSG00000019590",545.867301881762,1.03935500068006,0.200336928247409,5.18803502565682,2.12524637295518e-07,1.03160204643726e-05,"13056"
"ENSMUSG00000019866",603.076855323483,0.632048104253398,0.153459797183218,4.1186559337022,3.81088652918953e-05,0.000883078798070484,"11630"
"ENSMUSG00000019990",352.678191525651,0.666157523100267,0.130483276139209,5.10530960603383,3.30253354097716e-07,1.48335224045059e-05,"29863"
"ENSMUSG00000019996",431.887929358526,0.667365940375027,0.197972476312357,3.37100365063915,0.000748948653221876,0.00858405606352231,"17761"
"ENSMUSG00000020010",1058.34877334015,0.661741355160081,0.169015662616415,3.91526646061152,9.03044190301787e-05,0.00177453314327201,"26464"
"ENSMUSG00000020014",127.522648094527,2.2066914923696,0.605288823998004,3.64568352310578,0.000266682013600282,0.00403199888103421,"380654"
"ENSMUSG00000020131",348.951348855744,0.559855316540327,0.14773320940993,3.78963754173134,0.000150867258940092,0.00259912535513976,"18551"
"ENSMUSG00000020142",414.459797922434,1.04303393771451,0.180743370469245,5.77080052787878,7.88958227772886e-09,5.96417930219131e-07,"55963"
"ENSMUSG00000020155",134.794437708723,1.92317785382842,0.54745001380307,3.5129743453075,0.000443120260250911,0.00587739758419089,"16533"
"ENSMUSG00000020524",69.5425227058145,2.90080467457569,0.858174791500094,3.38020261525635,0.000724324119374696,0.00839221094424585,"14799"
"ENSMUSG00000020599",25.0858983410934,1.41971951007049,0.413335547476401,3.43478686684103,0.000593020037980466,0.00726281457148958,"19739"
"ENSMUSG00000020654",936.670032711662,0.679060514623917,0.126636741215279,5.36227091843379,8.21821577022795e-08,4.58430632924731e-06,"104111"
"ENSMUSG00000020774",625.987322893886,0.668019598260838,0.130425971632459,5.1218295704426,3.02585318373759e-07,1.37244763750249e-05,"11484"
"ENSMUSG00000020839",47.7023622880384,1.08319614608356,0.19643431644857,5.51429182877607,3.50187121981812e-08,2.11549722510759e-06,"66601"
"ENSMUSG00000020875",120.946225753598,1.53931496638288,0.458020247830928,3.36080112980311,0.000777167613593902,0.0087909540199984,"15417"
"ENSMUSG00000020904",39.2875653708061,2.84031628153817,0.732804722007193,3.87595248261827,0.000106208411111845,0.00199362438773935,"71860"
"ENSMUSG00000021061",676.985079319204,1.55443920631104,0.162928399925437,9.54062770531364,1.41970372327639e-21,7.85607252312225e-19,"20741"
"ENSMUSG00000021209",317.855029559724,1.86831477166838,0.110506960708568,16.9067609830981,4.01159586686138e-64,2.77482086110802e-60,"74521"
"ENSMUSG00000021322",152.050614527737,0.613357101883239,0.177287694440421,3.45967103819134,0.000540835675018167,0.00678324635376367,"27052"
"ENSMUSG00000021456",105.156866638915,1.885328848237,0.557075534465417,3.38433252152459,0.000713515335721238,0.00828780113716844,"14120"
"ENSMUSG00000021478",101.949322811878,2.39396624463032,0.312439155869221,7.66218381934297,1.8279774541344e-14,3.95128751570238e-12,"13488"
"ENSMUSG00000021508",255.582933361086,0.737070246983663,0.165615519005357,4.45049021619659,8.56744969908933e-06,0.000250046622652324,"57266"
"ENSMUSG00000021696",92.5500891600765,3.29512753275628,0.348832380557237,9.44616301815941,3.51479073994845e-21,1.80087463320174e-18,"74559"
"ENSMUSG00000021751",30.3995234832007,2.24745344184582,0.549620379658144,4.08910135982167,4.33047605210884e-05,0.000983707811245874,"93732"
"ENSMUSG00000021879",81.6388936501759,2.84031286966948,0.789353689366916,3.59827654944831,0.000320332901333361,0.00466472142846918,"110083"
"ENSMUSG00000022270",132.47671018407,1.37411830982717,0.332556900366012,4.13197954489837,3.59652433014229e-05,0.000839460428936056,"66270"
"ENSMUSG00000022309",367.612931706972,1.01293406475552,0.222881302140063,4.54472427713553,5.50072104354215e-06,0.000170621019991843,"11600"
"ENSMUSG00000022464",63.818904799898,2.15847696174801,0.641911605069832,3.36257663002243,0.00077218690876151,0.00875609319328421,"69354"
"ENSMUSG00000022490",1933.96532534841,0.503271149307903,0.138527669252193,3.6330009161685,0.000280144023214743,0.00419427750774108,"58200"
"ENSMUSG00000022656",274.223288167113,0.831941720466711,0.139126420849096,5.97975363262655,2.23475351350777e-09,1.93222375661666e-07,"58998"
"ENSMUSG00000022747",797.160705957185,0.894145050927725,0.17758716563397,5.03496436657293,4.77937730514627e-07,2.04442301826534e-05,"54613"
"ENSMUSG00000022849",180.293950710634,0.540033959016543,0.0901801676554238,5.98838938823001,2.11929192160513e-09,1.85558762300541e-07,"66667"
"ENSMUSG00000022881",108.856414669589,0.913835162652346,0.11230152717574,8.13733513367357,4.04073072926208e-16,1.11798937817223e-13,"106344"
"ENSMUSG00000022884",5603.42074032326,0.510511217097512,0.103075653598723,4.95278176052077,7.31600111704979e-07,2.97675174862549e-05,"13682"
"ENSMUSG00000022900",64.0647625393126,3.77154847688472,1.00849004689873,3.73979742138541,0.000184168619257271,0.00302228787521363,"106347"
"ENSMUSG00000022995",674.379387910218,1.09107694534757,0.272557149484862,4.003112548725,6.25145435129374e-05,0.00133050183839689,"13800"
"ENSMUSG00000023156",716.781645626862,0.697768265760033,0.0750578846004692,9.29640196328783,1.45278789727565e-20,7.17780991818261e-18,"67053"
"ENSMUSG00000023274",76.5073277730223,1.44019637902743,0.367519985683845,3.91868860232909,8.90320493875401e-05,0.0017539124829272,"12504"
"ENSMUSG00000023349",40.9221063188291,1.58028842408048,0.342990685833537,4.6073799941245,4.07774401155516e-06,0.000133046015697769,"56620"
"ENSMUSG00000023367",1348.84239892604,0.52945681488333,0.148229987551372,3.57186034775747,0.000354454417136002,0.00501895845103321,"66058"
"ENSMUSG00000023800",98.7957084985574,0.593194262168375,0.17876229707758,3.31834101410623,0.000905538562666674,0.00993712596712496,"24001"
"ENSMUSG00000023915",836.082899219784,0.670535865192378,0.181915682479868,3.68597064338631,0.00022783261487579,0.00355336684801767,"94185"
"ENSMUSG00000024063",1239.32277679247,0.508348012425324,0.135879405488042,3.74117041945744,0.000183165261944203,0.00300939220158682,"77889"
"ENSMUSG00000024479",171.487390955329,0.797707398490074,0.205809508756474,3.87595016046595,0.000106209424155262,0.00199362438773935,"105853"
"ENSMUSG00000024561",3391.07749510145,1.17175530237531,0.171233338765616,6.84303250069312,7.75340520869979e-12,1.05510442952449e-09,"17190"
"ENSMUSG00000024589",1737.2383115676,0.512988343475023,0.119994520488901,4.27509807435308,1.91053174036161e-05,0.000489449927706713,"83814"
"ENSMUSG00000024617",60.1719064398684,0.779821587063348,0.219598044320138,3.55113174836155,0.000383578353961109,0.00531173468338136,"12322"
"ENSMUSG00000024640",4673.67738203784,0.59634465256041,0.100132445098523,5.95555868004271,2.59184878666321e-09,2.21331087127771e-07,"107272"
"ENSMUSG00000024670",45.9900422861206,1.61377627432588,0.362206204758185,4.45540759138366,8.37339577195653e-06,0.000245481514310671,"12511"
"ENSMUSG00000025069",75.7190985089609,0.575594197783325,0.169825070343961,3.38933584197859,0.00070062144330435,0.00817923801406952,"68214"
"ENSMUSG00000025133",1588.02424920247,0.875388456897666,0.0699275166334645,12.518512011318,5.91333305028375e-36,8.18050494176254e-33,"101861"
"ENSMUSG00000025176",153.409653811892,0.759136903202822,0.198586097531267,3.8227092059317,0.0001319934079066,0.00234102154484603,"67432"
"ENSMUSG00000025245",315.122867256057,0.686825951074587,0.120161724164718,5.71584633833218,1.09159346984614e-08,7.94794950623761e-07,"93730"
"ENSMUSG00000025277",742.402258363913,1.10523414521532,0.10546521308076,10.4796085166867,1.07186510554337e-25,8.23787881671502e-23,"66082"
"ENSMUSG00000025420",165.185357721342,0.560704352419549,0.158629118671895,3.53468743389602,0.000408257773771355,0.00555889571097729,"71206"
"ENSMUSG00000025964",1182.66923975318,0.96947629348705,0.179456869576325,5.40228020123086,6.57990593953177e-08,3.76142226311911e-06,"23792"
"ENSMUSG00000025981",463.283874263272,0.816196451478053,0.156034831594822,5.230860591419,1.68722716126775e-07,8.49813286907504e-06,"67876"
"ENSMUSG00000026175",99.7163439985747,2.04407721078437,0.610504038538888,3.34817967081174,0.000813442566990738,0.00909975103202222,"22349"
"ENSMUSG00000026227",183.542091891647,1.38511383975437,0.252707694011376,5.48109089109104,4.22711235168094e-08,2.50977992588644e-06,"72792"
"ENSMUSG00000026303",288.895402080684,1.86559771974617,0.5599053843274,3.3319874606801,0.000862281413469631,0.0095430408591511,"171531"
"ENSMUSG00000026527",486.483559642253,1.313263090229,0.183049968166932,7.17434208473268,7.26557317636332e-13,1.27230302939e-10,"24012"
"ENSMUSG00000026655",1188.4210497152,0.537904569261653,0.0962768443283941,5.58706065839565,2.3094507551162e-08,1.47759869784915e-06,"66540"
"ENSMUSG00000026692",45.8033002806027,0.95201388800318,0.246418408011993,3.86340410070682,0.000111817802878741,0.00207914984546304,"226564"
"ENSMUSG00000026765",59.5288659081797,1.50357904601261,0.353725790333722,4.25069103554497,2.13111977574702e-05,0.000536034745048804,"71897"
"ENSMUSG00000026888",1034.69440576352,0.678915282993674,0.198416590579353,3.42166590511066,0.000622387404159925,0.0074870498688247,"50915"
"ENSMUSG00000026915",428.082243236924,0.515952928791412,0.151358165928211,3.40882122630983,0.000652442209222743,0.00773967857149493,"20744"
"ENSMUSG00000027171",18.5465818280586,2.05767890030998,0.602659531862262,3.41433063200975,0.0006393893268579,0.00764504057714104,"228413"
"ENSMUSG00000027227",1852.71705667087,0.547312984203966,0.0727499557728121,7.52320710562557,5.34486559660526e-14,1.13755185636057e-11,"20322"
"ENSMUSG00000027242",113.141692162778,0.573764366263471,0.125987845698512,4.55412474975152,5.26041338943367e-06,0.000165768926718509,"241627"
"ENSMUSG00000027315",158.741217171148,2.72979335644136,0.808689650712912,3.37557597532611,0.000736613506483068,0.0084894006753359,"20732"
"ENSMUSG00000027375",195.579262633373,2.70879262546149,0.769311547731819,3.52106065929712,0.000429824278731073,0.00575066641389329,"17153"
"ENSMUSG00000027661",286.334547544626,0.934021034072395,0.154859995505946,6.03139003730974,1.6255531921308e-09,1.46025343246347e-07,"170441"
"ENSMUSG00000027680",1573.43391353974,0.537629092808088,0.0616001452656765,8.72772443131971,2.59847851912223e-18,9.98537550931582e-16,"14359"
"ENSMUSG00000027761",41.2560375586573,3.89009699405482,0.659950058840637,5.89453238460001,3.75743904518143e-09,3.00464807809479e-07,"67758"
"ENSMUSG00000027797",541.582841370885,1.05965856501486,0.271953031380075,3.8964763865195,9.76023187768884e-05,0.00186495922370093,"13175"
"ENSMUSG00000027820",2160.51398290545,0.93560641416754,0.166034629557985,5.63500768880743,1.75050526925911e-08,1.18708283798679e-06,"17380"
"ENSMUSG00000027894",164.015213084219,1.91697274392444,0.511839573770145,3.7452609023649,0.000180206401263833,0.00297491092492108,"229706"
"ENSMUSG00000027955",1350.81440580524,0.657885635954299,0.192170754890742,3.42344305369638,0.000618332058545107,0.00747657775153885,"68659"
"ENSMUSG00000027962",667.57575210873,0.735383156748662,0.18159479772381,4.04958273015682,5.13090372099575e-05,0.0011266813027977,"22329"
"ENSMUSG00000028031",64.0691037721659,1.22712994212481,0.314860111452888,3.89738140046495,9.72384157716811e-05,0.00186057571754555,"56811"
"ENSMUSG00000028128",1532.7078516208,0.563790554942204,0.132214600838505,4.2642079722409,2.00612526604675e-05,0.000510160605339903,"14066"
"ENSMUSG00000028133",108.109704305751,1.05088707775323,0.260682073544245,4.03129783135956,5.54696987672813e-05,0.00120513552423716,"66568"
"ENSMUSG00000028150",597.506172530614,1.25859230588276,0.248162847148527,5.07163872571742,3.94404596805972e-07,1.74319271316735e-05,"19885"
"ENSMUSG00000028158",211.204243005723,0.859890724496763,0.140023669284252,6.1410383608157,8.19837803295964e-10,7.87613622971969e-08,"17777"
"ENSMUSG00000028278",65.7827198679644,2.2756419688326,0.568149191158707,4.00535986717074,6.19231354340035e-05,0.00132198249320062,"52187"
"ENSMUSG00000028369",4689.24164935215,0.819317642193548,0.139668908485988,5.86614194293461,4.46051985073275e-09,3.50606997812709e-07,"64817"
"ENSMUSG00000028382",2085.70255214925,0.507068862619043,0.126845884969335,3.9975192158707,6.40097962247018e-05,0.00134718546157466,"230257"
"ENSMUSG00000028459",50.0298346975517,0.697253789446702,0.182479803849957,3.82099155487921,0.000132916204101776,0.00235102206489053,"12517"
"ENSMUSG00000028488",133.374752445308,3.33925242065431,0.774358068230208,4.31228466216689,1.61576219985178e-05,0.000428207936259569,"20404"
"ENSMUSG00000028542",164.77037914446,0.985701324397347,0.261000569690985,3.77662518347903,0.000158967679073302,0.0027049924628537,"14664"
"ENSMUSG00000028572",104.440308861878,1.32883699363515,0.386992811722188,3.43375110178814,0.000595290544665208,0.00727197482920264,"77963"
"ENSMUSG00000028766",336.565563225416,1.10738887659063,0.294076381479848,3.76565051235343,0.000166116017454489,0.00278889439983665,"11647"
"ENSMUSG00000028933",228.969153128849,0.940532094713618,0.112580722479116,8.35429080576465,6.58269943922707e-17,2.06966054641517e-14,"57434"
"ENSMUSG00000028964",4729.61224450869,0.79312726039521,0.100506138716606,7.8913315198743,2.98979258735438e-15,7.52014375517465e-13,"57320"
"ENSMUSG00000029304",26.9227259382918,1.8878131604406,0.509922717560186,3.70215543538279,0.00021377557804489,0.0033721452071528,"20750"
"ENSMUSG00000029335",2532.84566047586,0.781860790264413,0.218109895841021,3.58471030050973,0.000337452564081018,0.00485777187460646,"110075"
"ENSMUSG00000029359",82.3984377276352,1.38595291509632,0.28459864864562,4.86985065351487,1.11682627493773e-06,4.29171519096903e-05,"57816"
"ENSMUSG00000029417",928.753903614898,0.512758530804369,0.137394735290789,3.73201003458497,0.000189957932544882,0.00309162122214812,"17329"
"ENSMUSG00000029420",44.5994889257054,1.49553424106373,0.280676843163371,5.32831360153656,9.91288586620571e-08,5.31323242563175e-06,"231760"
"ENSMUSG00000029752",2009.2549630126,0.705065957373199,0.110406416230115,6.38609585790431,1.70174351902897e-10,1.91397722294689e-08,"27053"
"ENSMUSG00000029822",290.478270700853,1.35024922528107,0.243974665699582,5.53438293033136,3.1232595497806e-08,1.93754137272039e-06,"71720"
"ENSMUSG00000029833",1827.19571326152,0.615188238513565,0.132368034210496,4.64755892298946,3.35886165649273e-06,0.00011305715853022,"21848"
"ENSMUSG00000030110",1567.21723352321,1.05620392213937,0.239032365451256,4.41866489563212,9.9312493315426e-06,0.000283861370356529,"19713"
"ENSMUSG00000030162",144.307508335535,4.66226456806611,0.326664502604179,14.2723330233264,3.25504043805165e-46,6.43288991714379e-43,"108078"
"ENSMUSG00000030256",868.592041472727,0.520368572267859,0.136739356302404,3.80555084022077,0.000141488946268381,0.00247267447709863,"79362"
"ENSMUSG00000030483",46.6346589388476,2.62092079615182,0.449020040864808,5.83697955018656,5.31556170831365e-09,4.1118692819826e-07,"13088"
"ENSMUSG00000030513",4578.50553084129,0.568610287042762,0.120492591425129,4.71904770507059,2.3695125378837e-06,8.31975544392972e-05,"18553"
"ENSMUSG00000030605",14410.2027461843,1.00726530838026,0.141114776817649,7.13791518574891,9.47570651853294e-13,1.61835708614055e-10,"17304"
"ENSMUSG00000030606",80.8157612829256,1.10864496774038,0.235720780653268,4.70321269371299,2.56099383734781e-06,8.85719718646741e-05,"67666"
"ENSMUSG00000030701",228.359260972828,1.68611678775946,0.379629869807548,4.44147555779588,8.93440967933017e-06,0.000258574526158689,"27276"
"ENSMUSG00000030774",175.532352188709,0.984514082391973,0.247834231466405,3.97247013282517,7.11311572037741e-05,0.00147099257084799,"18479"
"ENSMUSG00000030825",58.013017518261,0.794760104703908,0.207630324412429,3.82776507696066,0.000129312088471978,0.00230232101920378,"66065"
"ENSMUSG00000030826",5983.88290384672,0.761514729925642,0.153076736511834,4.97472540425351,6.5340195066746e-07,2.69022695998025e-05,"12036"
"ENSMUSG00000030862",351.265187463993,0.929320187836701,0.277962594094439,3.34332823041995,0.000827799239585498,0.00922786033877984,"55987"
"ENSMUSG00000030889",483.894114448362,0.785147720734759,0.230050139028783,3.41294173543848,0.00064265680469426,0.00767747343362728,"233813"
"ENSMUSG00000030935",772.510059650822,0.988377909542151,0.29297154944637,3.37363102802949,0.000741837311395187,0.00851666171439089,"20216"
"ENSMUSG00000031351",1208.75454822335,0.579032071557064,0.106919448525468,5.41559163971129,6.1086375278976e-08,3.50651002327533e-06,"22673"
"ENSMUSG00000031367",326.082492287504,1.245517287425,0.343911550525454,3.6216209822613,0.000292762836086246,0.00435492588647003,"108012"
"ENSMUSG00000031375",17408.7786595482,1.39783629233716,0.113844830341447,12.2784344984724,1.18264565118182e-34,1.25851691834225e-31,"12111"
"ENSMUSG00000031381",134.537506967446,0.55963751687742,0.157242384416152,3.5590754932608,0.000372162552779185,0.00521095986489901,"18700"
"ENSMUSG00000031647",226.228285839857,1.22774727542044,0.298356392890091,4.1150359257518,3.87119115644156e-05,0.000895552817026965,"71306"
"ENSMUSG00000031709",392.494643411319,0.806731351251228,0.209256342089026,3.8552301124905,0.000115620822108858,0.0021157386945158,"71310"
"ENSMUSG00000031725",4227.57043611034,1.12882369481889,0.218124722630736,5.17512953692039,2.27752911035157e-07,1.09021929801396e-05,"234564"
"ENSMUSG00000031734",191.787744793254,0.787750779441883,0.174995813455757,4.50154071623574,6.74626379646163e-06,0.00020332856941231,"16373"
"ENSMUSG00000031767",1626.84864895703,0.500792184927491,0.14251906992843,3.51386088317149,0.000441644045531876,0.00587739758419089,"67528"
"ENSMUSG00000031775",59.1007811026748,0.899311659458305,0.215831319595949,4.16673382316282,3.0899493585233e-05,0.000738279091982925,"67801"
"ENSMUSG00000031937",39.8846260756954,1.03126134203278,0.247068770787974,4.17398499512419,2.99317478123476e-05,0.000717635700582352,"69137"
"ENSMUSG00000032018",3965.27070149734,0.567830919542697,0.159765361594782,3.55415538058182,0.000379195110196624,0.00527744985358159,"235293"
"ENSMUSG00000032172",195.83487813985,0.609719124357162,0.12256079912627,4.97482986977746,6.53049690487619e-07,2.69022695998025e-05,"244723"
"ENSMUSG00000032224",53.4716835208167,2.09234004501649,0.60465237311286,3.4604016093491,0.000539370301975675,0.00677638622763917,"76886"
"ENSMUSG00000032261",357.435299154856,1.49485821486062,0.279571500846878,5.34696208423389,8.94427435910633e-08,4.89071507841411e-06,"212531"
"ENSMUSG00000032278",128.573061098988,3.39407042041125,0.884727679972394,3.83628826953527,0.000124907785018587,0.00223830867609733,"74090"
"ENSMUSG00000032281",453.847311773804,2.59157285598439,0.745973884121206,3.47407987216254,0.000512608419348058,0.00649993113956098,"94180"
"ENSMUSG00000032315",111.094124031384,2.71689954898263,0.636694008711008,4.26719823307748,1.97943257834659e-05,0.000505230079130013,"13076"
"ENSMUSG00000032425",531.91870150927,1.59565050382597,0.102807170858719,15.5208093997525,2.50866524894573e-54,8.67621876347881e-51,"71640"
"ENSMUSG00000032452",199.74645969217,0.607483279352101,0.178030404679203,3.41224455702799,0.00064430281476285,0.00768557015438746,"64085"
"ENSMUSG00000032595",56.162869205304,2.19318888369232,0.616857382047286,3.55542293489842,0.000377371549463969,0.00525735953200861,"69398"
"ENSMUSG00000032712",1990.59820451664,1.42305864658483,0.199688464161542,7.12639386836899,1.03032615067212e-12,1.7382356059022e-10,"67246"
"ENSMUSG00000032911",2633.41093221553,0.689192494622006,0.163105413224834,4.22544219100799,2.38472039805894e-05,0.000588060997981236,"121021"
"ENSMUSG00000032940",19.6918929964034,2.23002210237702,0.663014623738655,3.36345839523449,0.000769724373514848,0.0087353297647288,"224344"
"ENSMUSG00000033701",1564.29969711811,1.24086691908159,0.104627802524311,11.8598201352196,1.91385808172335e-32,1.89116519304006e-29,"72482"
"ENSMUSG00000033904",223.022576366043,0.62047826892858,0.181690843527144,3.41502222612491,0.00063776807184775,0.00763891096885499,"101565"
"ENSMUSG00000033948",24.8293737864912,2.2833214980452,0.644062461437591,3.54518642950977,0.000392335488089172,0.00537915673164084,"74464"
"ENSMUSG00000034435",98.3996574633168,2.22524636970043,0.580166535711934,3.8355303739982,0.000125293619955881,0.00224231816102154,"238257"
"ENSMUSG00000034645",133.297894270823,0.950301603420208,0.251247755636757,3.78232872573043,0.000155367994091198,0.00266339632002186,"230590"
"ENSMUSG00000034780",111.221637948656,0.759214880609831,0.212045033424646,3.5804417031047,0.000343013869140991,0.00490212176208313,"26877"
"ENSMUSG00000034818",87.0653401568849,2.69543045810642,0.185236740670179,14.5512734048033,5.73259021388257e-48,1.32174421698086e-44,"319586"
"ENSMUSG00000034918",151.330592798333,4.23406314443553,0.343556774776997,12.3242021560595,6.71043410942421e-35,7.73601212248121e-32,"268663"
"ENSMUSG00000035095",111.657885177641,1.77337406555214,0.469046852540433,3.7808036786672,0.000156322910965543,0.00267644944343728,"219148"
"ENSMUSG00000035104",63.8310252292581,1.14438023091187,0.318306726025341,3.59521221936344,0.000324127248947247,0.00470511685407788,"232146"
"ENSMUSG00000035226",397.975479390973,0.809378135529654,0.184440762693493,4.38828230652403,1.14249414423956e-05,0.000320593590089453,"241770"
"ENSMUSG00000035769",214.094391583597,1.64882637617157,0.484943849809507,3.40003564705326,0.000673770686712616,0.00793947502553861,"102448"
"ENSMUSG00000035834",226.405499016922,0.607730083112408,0.173977262090379,3.49315810474532,0.000477343799206708,0.00617170718450114,"67486"
"ENSMUSG00000035860",118.821973306684,3.04931136411122,0.587561275547875,5.1897759280815,2.10547290252845e-07,1.02560253991474e-05,"68764"
"ENSMUSG00000036333",4029.21656192306,0.544379339419095,0.0694530021620937,7.8380965901026,4.57427106711116e-15,1.11018361302484e-12,"77480"
"ENSMUSG00000036814",21.0523677620269,3.35249586775954,0.902289321786952,3.71554421271443,0.000202766804701658,0.00324790829488679,"102680"
"ENSMUSG00000037108",91.3993280965641,0.728468621126107,0.139092563226339,5.2372938152035,1.62948177187674e-07,8.31817373879811e-06,"381678"
"ENSMUSG00000037624",481.748983109721,0.961464525316135,0.138134762585543,6.96033719043549,3.39459260083902e-12,5.21786600444522e-10,"16526"
"ENSMUSG00000038132",72.7935974389453,1.78058321220166,0.51495444092594,3.45774901756356,0.000544708581012654,0.00681328979179842,"666794"
"ENSMUSG00000038174",1191.42342695471,0.775316824744803,0.129959105132004,5.96585228835863,2.43360367943503e-09,2.09108529821765e-07,"213056"
"ENSMUSG00000038295",42.8095857163263,0.879827170279508,0.235034853306695,3.74339021596694,0.000181553946103623,0.00299358437472886,"213948"
"ENSMUSG00000038522",69.4335832854411,1.43724316840201,0.406849836673422,3.53261335964524,0.000411473773708756,0.00558619056475656,"215929"
"ENSMUSG00000038570",45.7379158832877,1.43951828418912,0.409436856586434,3.51584929649641,0.000438349725964233,0.00584212919941156,"330577"
"ENSMUSG00000038608",1458.14246317826,0.62488421710738,0.110093439089556,5.67594420044473,1.37925736483565e-08,9.78494686417249e-07,"210293"
"ENSMUSG00000038754",805.297661699515,5.33993753040073,0.774821559398124,6.89182879029432,5.50796417255697e-12,7.85537900651064e-10,"12686"
"ENSMUSG00000038775",384.635080868672,0.704571136571924,0.138240417211894,5.09670869621265,3.4560952083599e-07,1.54172259894587e-05,"22351"
"ENSMUSG00000038932",223.549893938591,7.0172647792191,0.289130673008354,24.270219088849,4.04532890032637e-130,5.59630800071149e-126,"277353"
"ENSMUSG00000039021",67.5162598505699,2.06594005695984,0.617735150283373,3.3443783408021,0.000824671901218555,0.00920041216246571,"338348"
"ENSMUSG00000039131",56.6416267000261,2.45689608409673,0.706729812088858,3.47642909931161,0.000508138564191592,0.00645508622316481,"54120"
"ENSMUSG00000039238",48.3392343836796,3.45661513505515,0.948531289049991,3.6441761858137,0.000268249624873874,0.00405127217304058,"319530"
"ENSMUSG00000039456",815.911373435295,0.793026447894154,0.118513671016783,6.69143433909708,2.20993658822597e-11,2.83076507051093e-09,"338467"
"ENSMUSG00000039552",120.674972649802,4.45428735667188,0.861225415647603,5.17203426157884,2.31559111820321e-07,1.10461681135252e-05,"212892"
"ENSMUSG00000039648",350.622199496783,0.811717015376764,0.153656884618883,5.28265959179165,1.27321837371365e-07,6.64668037054891e-06,"70266"
"ENSMUSG00000039735",669.016688530258,0.536439075248753,0.144281000981564,3.71801603537044,0.000200793527451457,0.00322622260018984,"214459"
"ENSMUSG00000039753",2555.43089572654,0.954841302283979,0.124550719337735,7.66628492682414,1.77049652618317e-14,3.88778554654254e-12,"242960"
"ENSMUSG00000039958",896.182056404969,0.895036924352425,0.200861589210265,4.45598846385452,8.35075226894343e-06,0.000245481514310671,"320204"
"ENSMUSG00000040350",116.550611175401,1.50436106329225,0.415506906465786,3.62054406288459,0.000293984177446309,0.0043637093463436,"94089"
"ENSMUSG00000040740",45.4373732865487,1.4402106104884,0.353635819095066,4.0725812621974,4.64949703501597e-05,0.00104079517770891,"384071"
"ENSMUSG00000041592",263.204294603126,0.853151167692625,0.1874820441201,4.55057534547735,5.34994250269453e-06,0.000168207055868809,"237979"
"ENSMUSG00000041660",63.7554497122307,3.69159002160937,0.85581318673951,4.31354655292663,1.60656291304193e-05,0.000426587165816162,"170442"
"ENSMUSG00000041757",1359.51950463148,0.93266093118987,0.255964744283566,3.64370856541336,0.000268737696844721,0.00405421733713181,"240753"
"ENSMUSG00000042216",78.4932274896887,1.44157115575412,0.412707016315152,3.49296498185362,0.000477689146722419,0.00617170718450114,"52850"
"ENSMUSG00000042429",3063.71378003251,0.569952989546731,0.0999072082801569,5.70482349930633,1.16463705771817e-08,8.43538694056183e-07,"11539"
"ENSMUSG00000042589",329.007931175421,2.29073225172336,0.359536504415644,6.37134817630408,1.8737372135072e-10,2.07370244893269e-08,"13048"
"ENSMUSG00000042686",205.42874125889,0.776606968897498,0.132332314711871,5.86861168859937,4.39459319771776e-09,3.47398870269872e-07,"57339"
"ENSMUSG00000043003",27.0472859230168,3.28854945044608,0.789711209473739,4.16424309417814,3.1238714586069e-05,0.000743814763483096,"242505"
"ENSMUSG00000043004",552.130238654769,0.88662587789456,0.124591508325427,7.11626249502282,1.10893008205272e-12,1.84830587411052e-10,"14702"
"ENSMUSG00000043168",104.678734300105,3.13490167410854,0.874645979612277,3.58419491678017,0.000338119521053497,0.00486231336201047,"74644"
"ENSMUSG00000043924",20.6734675362744,2.38977045751272,0.643654673252594,3.71281458337968,0.000204967051254028,0.00327048925841778,"230822"
"ENSMUSG00000044320",66.2188084934309,2.87810253820161,0.22073423448481,13.0387682949092,7.36370287850757e-39,1.27336832026592e-35,"73598"
"ENSMUSG00000044352",21.3992755184989,2.13289133680486,0.63198046641064,3.37493237555064,0.000738338314101215,0.00849058373838421,"237761"
"ENSMUSG00000044712",553.966341709918,0.507299884624892,0.132183387961822,3.83784900997859,0.000124116757246804,0.00223281042880661,"625098"
"ENSMUSG00000044948",143.275314939216,2.42428655960286,0.521435978896434,4.64925064191698,3.33143176687397e-06,0.000112407383080328,"100048534"
"ENSMUSG00000044986",1148.08291876941,0.886752840637362,0.235285951824045,3.76883036901628,0.000164014298968899,0.00276858847440115,"22117"
"ENSMUSG00000045094",589.506646311041,1.21249787503406,0.148351636519386,8.17313447617827,3.00478738780968e-16,8.48331198427738e-14,"328967"
"ENSMUSG00000046415",129.080772235367,1.08504592492092,0.157614329518732,6.88418323533181,5.81200253727516e-12,8.2044125612923e-10,"338360"
"ENSMUSG00000046764",256.708608368989,0.801137115461925,0.220945479442873,3.62594934045285,0.000287901796856738,0.00430111604504981,"208079"
"ENSMUSG00000046818",142.364989856227,1.86962602052062,0.524856358840628,3.56216703680697,0.000367806234905721,0.00517622731809333,"73284"
"ENSMUSG00000047036",2118.16642423625,0.502848970934625,0.0995275069753675,5.05236176627108,4.36380165694426e-07,1.91040607981541e-05,"235682"
"ENSMUSG00000047094",48.4769810166582,2.27907104997615,0.387530028826551,5.88101793524807,4.07750975362335e-09,3.24185459377158e-07,"218165"
"ENSMUSG00000047141",295.21748443834,0.551305014781447,0.163397908549874,3.37400288457899,0.000740835913979598,0.00851222926411442,"72020"
"ENSMUSG00000047344",33.6960199287641,1.52383822904014,0.404559953191828,3.76665613345468,0.000165448630715241,0.00278444812325383,"236285"
"ENSMUSG00000047446",4051.83844871631,0.532511096760315,0.12019469793275,4.43040421848109,9.40566167523961e-06,0.000269954198371918,"11861"
"ENSMUSG00000047746",39.4958116604509,4.45876457070773,0.302021844957386,14.7630532199975,2.53538013618293e-49,7.01488976079095e-46,"207215"
"ENSMUSG00000047773",32.0225652554994,4.89841024682195,1.17204575069539,4.17936777972674,2.92320615345618e-05,0.000703297981337615,"382543"
"ENSMUSG00000048022",30.7769027632856,3.72127152640935,0.837322768894582,4.44424977398155,8.81990918592304e-06,0.00025579585676742,"319832"
"ENSMUSG00000048416",129.272640872072,3.9300372386136,0.315451324999891,12.4584584915437,1.25778342671744e-35,1.581834175019e-32,"17349"
"ENSMUSG00000048644",249.627995996624,1.50679521942466,0.429580843984381,3.50759406646039,0.000452178458055388,0.00596892823352885,"330695"
"ENSMUSG00000049086",296.383682503888,0.768235324614742,0.134862950970867,5.69641490924144,1.22352912109313e-08,8.81578221937623e-07,"107771"
"ENSMUSG00000049134",26.5794922815565,2.15461236959814,0.638014900472352,3.37705650448442,0.000732659976827878,0.00846751722592888,"18175"
"ENSMUSG00000049580",551.655078092635,1.1567277567624,0.33803340359381,3.42193328962352,0.000621775671436039,0.00748620072989222,"244152"
"ENSMUSG00000050379",386.871105672839,0.519905370410455,0.119048228832542,4.36718274189342,1.25859420449811e-05,0.000346150938867333,"56526"
"ENSMUSG00000051166",466.564128910986,0.802387335344571,0.103334509695486,7.76495033178276,8.16772248087202e-15,1.91512326780311e-12,"319670"
"ENSMUSG00000051985",36.2267760023407,3.05531521833098,0.90590812053881,3.37265463137007,0.000744472702774513,0.00853983032353451,"226438"
"ENSMUSG00000052595",17.2796074289192,4.08823714082031,1.21117571000851,3.37542860795283,0.000737008111253319,0.0084894006753359,"69865"
"ENSMUSG00000052783",58.5002974648442,0.78403979122654,0.207722359983929,3.77446025207492,0.000160354471931387,0.00272189418981449,"14772"
"ENSMUSG00000052861",157.589980187009,2.89253199467485,0.735377489823487,3.93339751991749,8.37535558243182e-05,0.00166472225757704,"330355"
"ENSMUSG00000052974",1524.72860164503,2.10976350080376,0.542507743475888,3.88890946935862,0.000100695667757259,0.00191413898173284,"13107"
"ENSMUSG00000053168",120.222681219764,2.41605627234561,0.329182341445455,7.33956828223713,2.1428392007518e-13,3.95253833376005e-11,"105892"
"ENSMUSG00000053846",126.310144504385,1.91193453140931,0.301874835952795,6.33353398064714,2.39608505619303e-10,2.56956904398251e-08,"16891"
"ENSMUSG00000054196",26.4623691666743,1.33707349672813,0.381759806824489,3.5023946283136,0.000461096126447503,0.00605199602777492,"68588"
"ENSMUSG00000055296",3490.88976038284,0.531522467053169,0.10792443513489,4.92495018749778,8.43818468730095e-07,3.38358976707598e-05,"242474"
"ENSMUSG00000055413",138.006091254977,0.504608967308807,0.148111608464553,3.40695082944544,0.000656929604958834,0.00777413529084731,"15016"
"ENSMUSG00000055430",71.6219068945405,0.559310004036297,0.138949565357849,4.02527350550435,5.69091325373298e-05,0.00123012646800222,"58243"
"ENSMUSG00000056019",112.696594936509,0.504268585624529,0.151962884701326,3.31836676182899,0.000905455085440819,0.00993712596712496,"236193"
"ENSMUSG00000056133",63.436539347501,1.13941844336723,0.293423667166572,3.88318520578096,0.000103096979463558,0.0019510856551284,"667055"
"ENSMUSG00000056214",506.264289325148,0.528347237718756,0.107970023119974,4.89346230047268,9.9077300382037e-07,3.86094471404254e-05,"93737"
"ENSMUSG00000056216",2381.82773343321,0.613305533806228,0.0857266552539385,7.15419879603959,8.41630251693405e-13,1.45538911274082e-10,"12611"
"ENSMUSG00000056290",42.5425174132798,0.984737796081048,0.231616924123107,4.2515796279103,2.1226801143467e-05,0.000534884457229003,"60361"
"ENSMUSG00000056367",148.53829190247,0.581254717299804,0.107733112823698,5.39532091912177,6.84011848257376e-08,3.89408226699282e-06,"242894"
"ENSMUSG00000056900",195.694509994164,0.673986049383742,0.128854699448598,5.23058958864442,1.68970264463132e-07,8.49813286907504e-06,"72607"
"ENSMUSG00000057246",67.7015634619004,1.43048088711189,0.144659233272165,9.88862483752111,4.66390335318483e-23,2.93274722672541e-20,"407788"
"ENSMUSG00000057378",43.7692035305443,1.37109186610203,0.383533898196138,3.57489096153077,0.000350373887429172,0.00498032373779889,"20192"
"ENSMUSG00000057715",123.101429458105,1.84244188957304,0.235781127531183,7.814204253177,5.53113402301444e-15,1.31927082886865e-12,"320492"
"ENSMUSG00000059089",35.3823988294181,1.31972227165733,0.257350763758112,5.12810707217391,2.92669982565282e-07,1.33784216154243e-05,"246256"
"ENSMUSG00000060550",508.784978533488,0.578977015612242,0.118659181160301,4.87932758300499,1.06448133806118e-06,4.12493972849814e-05,"15018"
"ENSMUSG00000061086",287.17415316438,0.551211858501889,0.163798411698663,3.36518439211697,0.000764925214133739,0.00870944478380752,"17896"
"ENSMUSG00000061371",94.9921191834388,0.508139139734586,0.125195423778611,4.05876768014422,4.93323621649462e-05,0.00109544766964665,"408062"
"ENSMUSG00000061576",88.5106334151715,3.03609973444407,0.903295141749439,3.36113811988844,0.000776219988384827,0.00878742006490647,"13483"
"ENSMUSG00000061878",129.960991847258,0.918895319138556,0.263011954150983,3.49373975074555,0.000476305090705643,0.00617170718450114,"20698"
"ENSMUSG00000062444",108.818656707736,1.13689327092185,0.247550417615961,4.59257262367288,4.37815076779865e-06,0.000142176849112034,"11775"
"ENSMUSG00000062545",50.6040019589927,2.53060999222517,0.674397046804515,3.75240372747171,0.000175147101005881,0.00290525778814791,"384059"
"ENSMUSG00000064267",411.482538874232,0.649836891921271,0.161201652522517,4.03120490238461,5.54916386395167e-05,0.00120513552423716,"74096"
"ENSMUSG00000064325",22.5476478410217,2.77892126396945,0.608731416663171,4.56510242103556,4.99250532579918e-06,0.00015861279013868,"15245"
"ENSMUSG00000066057",82.4447490433642,0.848602078467978,0.15906721632084,5.33486470748528,9.56158224750406e-08,5.14688438957086e-06,"100038746"
"ENSMUSG00000067199",83.3790574795127,0.550303971182297,0.150626136436351,3.65344278358249,0.000258747466665615,0.00393785748498583,"14296"
"ENSMUSG00000068299",41.4886137446577,1.0141980691062,0.292647387745588,3.46559754699704,0.000529054567473394,0.00666570208235603,"75541"
"ENSMUSG00000069601",233.843339729895,2.09155339742089,0.588720368648657,3.55271111516292,0.000381282933089504,0.00529585150236967,"11735"
"ENSMUSG00000069755",157.708115034412,2.36306486798029,0.319023034987156,7.40719198560513,1.29001647946352e-13,2.5494411395569e-11,"382686"
"ENSMUSG00000069805",71.9753393484936,3.20238035558606,0.858525872184659,3.73009184619804,0.00019140998281844,0.00310429742357596,"14121"
"ENSMUSG00000070407",253.558803089722,1.780586575603,0.214634303899721,8.29590863739519,1.07758331402637e-16,3.24071468831321e-14,"54710"
"ENSMUSG00000070465",123.340388711093,1.95112235307026,0.364660434803964,5.35051836407522,8.7702651963137e-08,4.82506679529524e-06,"676914"
"ENSMUSG00000070570",22.421505835764,2.05004671003511,0.584056251154906,3.51001586915878,0.000448079951227004,0.00593180674188936,"72961"
"ENSMUSG00000071604",625.800367242018,0.579371796011657,0.169258795912478,3.4229937232405,0.000619355074690149,0.00747657775153885,"381217"
"ENSMUSG00000072949",66.3436912617829,2.1574752779701,0.561432381465093,3.84280520539274,0.000121636008960066,0.00219675267356861,"26897"
"ENSMUSG00000073179",32.234339653616,1.67272711954419,0.303693856768027,5.50793861076313,3.63059962064013e-08,2.17427338320067e-06,NA
"ENSMUSG00000073409",795.920245928812,0.625779793775445,0.112079158661952,5.58337340542407,2.35897506105839e-08,1.4969752749854e-06,"110557"
"ENSMUSG00000073591",190.157599562688,0.893058936449346,0.144231107748751,6.19186076005911,5.94580664864124e-10,5.9080069470485e-08,"93893"
"ENSMUSG00000073988",77.4833155789778,1.2204539393801,0.316499413379294,3.85610174233564,0.000115209552353759,0.0021157386945158,"50500"
"ENSMUSG00000074165",262.73055183874,0.535255920569071,0.13690304806255,3.90974436394226,9.23938471969178e-05,0.00179519168837382,"67607"
"ENSMUSG00000074259",94.0916055599518,2.2531665055884,0.656791229902716,3.43056728379601,0.000602320576400072,0.00733494969535088,"546134"
"ENSMUSG00000074829",233.480187409954,0.563998757239986,0.162567005613577,3.46933103129558,0.000521756146963763,0.00660381933860632,"630836"
"ENSMUSG00000074863",143.112063308506,1.11514024737961,0.17341582038674,6.43044126477448,1.27234038482819e-10,1.46679640697609e-08,"435366"
"ENSMUSG00000075225",105.601381551311,1.95481337803412,0.533975511319287,3.6608670933324,0.000251363131089985,0.00384238403922525,"75973"
"ENSMUSG00000078161",73.5434844289237,2.82790815410505,0.734090085361909,3.85226310843155,0.000117031175418872,0.00213589614873969,"209601"
"ENSMUSG00000078706",59.3922232217631,2.40111447452184,0.71824919717582,3.34301031447457,0.000828748193848238,0.00923100041360429,NA
"ENSMUSG00000081189",909.676129181067,1.0496849441075,0.149883351215118,7.00334583926508,2.49920885096606e-12,3.9740293384212e-10,NA
"ENSMUSG00000084950",68.7962610415042,0.677296615310523,0.137880422593793,4.91220292605206,9.00587730395763e-07,3.56415218673233e-05,"434064"
"ENSMUSG00000085180",225.041367225267,1.43230285501373,0.311365010844983,4.60007645408437,4.2233590585241e-06,0.000137472821683817,NA
"ENSMUSG00000085682",38.4194581115481,2.86576788134104,0.265134345879197,10.8087387616193,3.12942955236278e-27,2.54661931925804e-24,"383773"
"ENSMUSG00000085795",2621.8209812035,0.570246961824749,0.0899090355011574,6.34248781166614,2.26084101647425e-10,2.44347457983631e-08,"353310"
"ENSMUSG00000085971",36.0045056658237,1.25102310188238,0.328240668710322,3.81129829767203,0.000138238828477474,0.00242075437108528,NA
"ENSMUSG00000086474",172.083865751984,7.90566302861189,0.478313313965964,16.5282102709239,2.29868138706806e-61,1.05999861028999e-57,NA
"ENSMUSG00000087382",2331.99677170071,0.833148422593554,0.119379154158127,6.97901093762135,2.97265337790900e-12,4.62063896966215e-10,"74161"
"ENSMUSG00000089997",19.5214701364929,2.74667364496331,0.785861004136757,3.49511380575556,0.000473859658732627,0.00616686220028896,"613264"
"ENSMUSG00000090622",202.719819267948,0.52255918790972,0.132724140692599,3.93718267967554,8.24438447173703e-05,0.00164578376308817,"320700"
"ENSMUSG00000090626",66.9944338602513,0.748333638332981,0.176318708252988,4.24421007701149,2.19364776238942e-05,0.000547778396117243,"21778"
"ENSMUSG00000091586",616.63275891631,0.705110652460975,0.135825910724408,5.19128234591155,2.08850633274483e-07,1.0209327423036e-05,"208285"
"ENSMUSG00000092021",176.507124981908,1.31588036726575,0.328916305982296,4.00065409750947,6.3167636477951e-05,0.00134027773471775,"634650"
"ENSMUSG00000097113",46.9197700211041,1.04768739309225,0.246176249373725,4.25584269708217,2.08263097862244e-05,0.000527676134766719,"100503460"
"ENSMUSG00000097121",172.238533224188,0.949084007408858,0.116015875201979,8.18063912164214,2.82342302770897e-16,8.13734045110957e-14,"319760"
"ENSMUSG00000097174",55.4081012272682,0.619226054476533,0.183705438069577,3.37075516644209,0.000749624474871788,0.00858468955743072,NA
"ENSMUSG00000097254",48.1463373636974,1.42068469020894,0.215478959145127,6.59314810060917,4.30596639623378e-11,5.4650219381191e-09,"320021"
"ENSMUSG00000097440",254.443348763526,0.698008515880383,0.163649744228758,4.26525882560911,1.99670595463913e-05,0.000508700371574176,NA
"ENSMUSG00000103332",66.6999335948266,1.76786173104905,0.15637329068805,11.3053944396154,1.23398414221024e-29,1.13806244155577e-26,"93710"
"ENSMUSG00000103472",110.269775712956,0.821984158058212,0.137322255548835,5.98580437506647,2.15323042799034e-09,1.87344589564895e-07,"93715"
"ENSMUSG00000104346",66.2023758187785,0.805410705405236,0.136522039845395,5.89949217223332,3.64622072473246e-09,2.94981388923677e-07,"93711"
"ENSMUSG00000108207",97.9589482046765,1.24280679317363,0.20141539734033,6.17036636515763,6.81319382957573e-10,6.63758615763032e-08,NA
"ENSMUSG00000108841",30.4184149094347,2.72670792584803,0.788729580031561,3.45708845576569,0.000546045579769137,0.00682384331574186,"268729"
"ENSMUSG00000109644",50.9975384567791,2.07531457769752,0.456328913761981,4.54784808744334,5.41972326847437e-06,0.000168865882198366,"71661"
"ENSMUSG00000109771",112.832590053219,2.06315261787877,0.241345918291238,8.54852915054942,1.2466697915336e-17,4.4221615118143e-15,"102638847"
"ENSMUSG00000110332",72.1935779028905,2.29828332238714,0.63524564223372,3.61794425587189,0.000296952332030247,0.00438424606329395,"100503868"
"ENSMUSG00000110344",1533.68346576091,0.816484913493572,0.159731438586193,5.11161059288269,3.19423737148895e-07,1.43938370674847e-05,NA
"ENSMUSG00000110755",59.4229929940471,1.72610601917828,0.236021835276431,7.31333190912888,2.60598245580418e-13,4.7435738544204e-11,"115487218"
"ENSMUSG00000111840",315.538882825596,1.27429030483834,0.360051813219476,3.53918591172758,0.000401363079308581,0.00549204435129072,NA
"ENSMUSG00000113637",111.334579680863,2.14900731735384,0.413684292487092,5.19480037405793,2.0493962989366e-07,1.00536696452088e-05,"630951"
"ENSMUSG00000116903",160.643992505769,0.970485369593339,0.192679904355635,5.03677523008361,4.73440175000451e-07,2.04036491618574e-05,"100503040"
"ENSMUSG00000117183",72.2018815033937,0.782007943793159,0.220168729804313,3.5518574526374,0.000382522030388507,0.00530241459758979,"100504002"
